{"Mean":{"confidence_interval":{"confidence_level":0.95,"lower_bound":60.00649029427334,"upper_bound":62.9280410621934},"point_estimate":61.42250130281256,"standard_error":0.7472043936411157},"Median":{"confidence_interval":{"confidence_level":0.95,"lower_bound":57.028151976040874,"upper_bound":59.06762974902736},"point_estimate":58.163729625093325,"standard_error":0.531252358222905},"MedianAbsDev":{"confidence_interval":{"confidence_level":0.95,"lower_bound":2.7096935853698976,"upper_bound":5.644188692128781},"point_estimate":4.275889219370678,"standard_error":0.7535139424192284},"Slope":{"confidence_interval":{"confidence_level":0.95,"lower_bound":62.921446668837106,"upper_bound":66.86913866702359},"point_estimate":64.89611771200934,"standard_error":1.0113045447792923},"StdDev":{"confidence_interval":{"confidence_level":0.95,"lower_bound":6.407064911324094,"upper_bound":8.279751804068221},"point_estimate":7.475052926660771,"standard_error":0.47884343928399176}}