{"Mean":{"confidence_interval":{"confidence_level":0.95,"lower_bound":-0.927497258609196,"upper_bound":-0.9238732405596497},"point_estimate":-0.9256702401090083,"standard_error":0.0009264151202440997},"Median":{"confidence_interval":{"confidence_level":0.95,"lower_bound":-0.9234039487937126,"upper_bound":-0.9206396389801071},"point_estimate":-0.9222742092672767,"standard_error":0.0007200507286216928}}