{"Mean":{"confidence_interval":{"confidence_level":0.95,"lower_bound":4.540496830064846,"upper_bound":4.5953273349951305},"point_estimate":4.56551977374218,"standard_error":0.01400951820972039},"Median":{"confidence_interval":{"confidence_level":0.95,"lower_bound":4.508552421224184,"upper_bound":4.5475972578339485},"point_estimate":4.520821877074702,"standard_error":0.008985889496072529},"MedianAbsDev":{"confidence_interval":{"confidence_level":0.95,"lower_bound":0.04174886464901886,"upper_bound":0.08520266166420967},"point_estimate":0.06229231326120581,"standard_error":0.010609136550776136},"Slope":{"confidence_interval":{"confidence_level":0.95,"lower_bound":4.515150318462118,"upper_bound":4.548116236346318},"point_estimate":4.531514178492834,"standard_error":0.008381078610936675},"StdDev":{"confidence_interval":{"confidence_level":0.95,"lower_bound":0.0790740551371257,"upper_bound":0.1929401268543475},"point_estimate":0.14073032048771603,"standard_error":0.02902666797383072}}